EmpID,FullName,Department,JobTitle,HireDate
1000,Cheyenne Jones DDS,Engineering,Specialist,2023-05-23
1001,Nicole Torres,Engineering,Engineer,2019-12-31
1002,Nicole Stanton,HR,Analyst,2023-03-05
1003,Crystal Hickman,Engineering,Technician,2020-03-10
1004,Gwendolyn White,HR,Coordinator,2015-10-28
1005,Randy Hopkins,IT,Engineer,2024-11-11
1006,Steven Clark,Operations,Specialist,2019-07-12
1007,Bryan Lopez,Operations,Engineer,2018-06-19
1008,Matthew Klein,Operations,Technician,2016-02-11
1009,Adam Morris,Engineering,Specialist,2016-03-01
1010,Valerie Walters,IT,Analyst,2021-08-31
1011,Michael Gomez,Engineering,Engineer,2023-07-05
1012,Dawn Ortiz,Engineering,Technician,2017-11-06
1013,Allen Foley,IT,Coordinator,2025-04-10
1014,Tyler Smith,IT,Specialist,2017-03-05
1015,Robert Pace,IT,Engineer,2019-11-15
1016,Steven Miller,IT,Engineer,2023-03-24
1017,John Landry,Operations,Analyst,2021-12-23
1018,Patricia Lambert,Finance,Analyst,2022-11-27
1019,Aaron Jordan,Finance,Coordinator,2016-06-14
1020,Samuel Johnson,IT,Coordinator,2021-02-11
1021,Michael Jenkins,Finance,Technician,2018-08-04
1022,Gregory Lewis,Finance,Technician,2023-10-09
1023,Clayton Torres,IT,Coordinator,2021-12-11
1024,Jodi Durham,Finance,Coordinator,2023-10-19
1025,Brett Cherry,Engineering,Specialist,2018-10-27
1026,Hunter Peterson,HR,Analyst,2023-07-31
1027,Mrs. Jennifer Williams MD,HR,Technician,2016-05-22
1028,Glenda Owen,IT,Analyst,2023-02-03
1029,Rebecca Conley,Operations,Analyst,2019-08-20
1030,Mark Michael,IT,Coordinator,2015-11-16
1031,Darrell Freeman,Operations,Specialist,2017-11-04
1032,Paul Cole,HR,Engineer,2024-02-13
1033,Christopher Jackson,IT,Specialist,2017-08-06
1034,Brooke Santiago,Engineering,Specialist,2017-06-06
1035,James Marshall,Finance,Analyst,2017-03-05
1036,Denise Odonnell,Operations,Specialist,2016-01-25
1037,Kristen Mckinney,Finance,Technician,2020-10-07
1038,Nancy Howard,Finance,Analyst,2016-04-14
1039,Luis Odom,IT,Technician,2019-03-28
1040,Monica Burton,Finance,Engineer,2018-01-17
1041,Kelly Mays,Engineering,Analyst,2020-02-22
1042,Aimee Alvarado,Finance,Engineer,2018-09-01
1043,Scott Zamora,IT,Analyst,2021-04-25
1044,April Sanchez,Engineering,Coordinator,2024-10-01
1045,Nathan Sullivan,HR,Specialist,2021-04-15
1046,Gregory Valenzuela,Finance,Coordinator,2021-02-14
1047,Mr. Ryan Torres,IT,Engineer,2019-02-05
1048,John Russell,HR,Specialist,2025-04-19
1049,Amanda Dominguez,HR,Analyst,2022-06-29
1050,Brandon Acosta,Operations,Specialist,2021-12-25
1051,Sarah Davies,Engineering,Technician,2021-11-19
1052,Ryan Gray,Finance,Specialist,2023-10-27
1053,Ernest Lee,IT,Technician,2024-05-15
1054,Keith Johnson,Operations,Specialist,2022-09-12
1055,Matthew Leblanc,Engineering,Technician,2025-03-16
1056,Jacob Davis,Operations,Engineer,2023-12-19
1057,Todd Flores,Engineering,Coordinator,2018-11-14
1058,Lisa Stephens,Engineering,Analyst,2017-07-10
1059,David Chandler,Finance,Specialist,2017-05-15
1060,Angela Saunders,Engineering,Coordinator,2022-02-14
1061,Gabriel Ward,Operations,Analyst,2024-02-27
1062,Sydney White,Engineering,Analyst,2024-08-01
1063,Michele Ellis,Finance,Technician,2018-09-11
1064,Mark Taylor,Finance,Engineer,2017-09-22
1065,Taylor Green,Operations,Engineer,2021-09-14
1066,David Bruce,HR,Coordinator,2024-08-09
1067,Amanda Rodriguez,HR,Engineer,2016-04-11
1068,Laura Jones,Engineering,Specialist,2017-11-13
1069,Kimberly Nguyen,IT,Engineer,2022-03-12
1070,Corey Jones,Engineering,Coordinator,2022-05-04
1071,Phillip Kirk,Operations,Engineer,2018-08-29
1072,Melinda Graves,Operations,Specialist,2020-02-29
1073,Lisa Leon,Operations,Technician,2020-07-23
1074,Steven Marquez,Operations,Coordinator,2020-09-30
1075,Brenda Manning,Operations,Technician,2022-07-25
1076,Angela Rowe,Finance,Technician,2024-08-17
1077,Laura Lowe,HR,Technician,2021-06-11
1078,Frederick Jackson,Operations,Analyst,2021-10-06
1079,Laura Butler,IT,Analyst,2015-07-10
1080,Alison Moon,IT,Technician,2017-09-12
1081,Marie Harper,IT,Coordinator,2015-11-11
1082,Denise Martinez,IT,Specialist,2022-07-08
1083,Mark Combs,Finance,Specialist,2024-06-15
1084,Robert Bryant,IT,Engineer,2021-05-31
1085,Allison Mckenzie,Operations,Coordinator,2025-06-06
1086,Terri Johnson,Engineering,Analyst,2024-12-25
1087,Michael Bernard,IT,Technician,2019-02-06
1088,Valerie Yang,Finance,Engineer,2021-07-12
1089,Richard Mcgee,Finance,Specialist,2017-10-18
1090,Chelsea Franklin MD,IT,Analyst,2021-09-18
1091,Dan Gonzalez,Engineering,Analyst,2017-05-07
1092,David Bennett,IT,Technician,2016-08-11
1093,Melissa Woodard,Finance,Specialist,2017-08-08
1094,Michael Navarro,HR,Coordinator,2017-01-24
1095,Thomas Ford,Operations,Analyst,2022-02-23
1096,Xavier Smith,Finance,Technician,2020-06-12
1097,Natalie Kim,IT,Coordinator,2025-01-21
1098,Tristan Fletcher,Operations,Specialist,2018-10-23
1099,Brandi Mason,IT,Analyst,2024-07-27
1100,Jay Anthony,IT,Coordinator,2018-08-03
1101,Matthew Davidson,HR,Coordinator,2022-01-19
1102,Erin Thornton,Operations,Coordinator,2018-11-10
1103,Shane Clements,Operations,Analyst,2025-04-16
1104,Kathy Garcia,HR,Analyst,2023-06-25
1105,Shane Glenn,Finance,Engineer,2022-10-31
1106,Brittney Boyd MD,IT,Specialist,2023-12-09
1107,Robert Martin,Engineering,Technician,2024-11-27
1108,Danielle Berry,IT,Coordinator,2025-01-03
1109,Douglas Fernandez,IT,Engineer,2018-07-27
1110,Christian Day,Finance,Technician,2019-02-28
1111,Cheryl Smith,IT,Engineer,2021-07-25
1112,Matthew Torres,HR,Analyst,2018-12-08
1113,Stephanie Guerra,HR,Coordinator,2023-11-04
1114,Stephanie Burke,Operations,Technician,2023-10-26
1115,Rebekah Rodriguez,Engineering,Technician,2021-06-11
1116,Matthew Wu,IT,Technician,2023-03-06
1117,Nicole Mills,IT,Technician,2021-02-21
1118,Ms. Julia Holt,Finance,Technician,2022-06-23
1119,Thomas Frey,HR,Engineer,2022-03-15
1120,Nathan Campos,Engineering,Coordinator,2017-04-16
1121,Samantha Robinson,Operations,Analyst,2022-04-19
1122,Robert Calhoun,HR,Analyst,2020-06-28
1123,Jennifer Bell,Operations,Analyst,2016-10-11
1124,Vincent Kelley,Finance,Analyst,2020-03-27
1125,Daniel Calhoun,Finance,Engineer,2018-02-19
1126,Jessica White,IT,Specialist,2019-06-09
1127,Andrew Johnson,Engineering,Coordinator,2018-10-18
1128,Mandy Howell,Operations,Technician,2016-01-02
1129,Tim Wright,HR,Specialist,2023-09-14
1130,Jeremy Young,Finance,Analyst,2022-02-21
1131,Megan Porter,IT,Specialist,2022-04-13
1132,Jenna Miranda,IT,Coordinator,2018-04-04
1133,James Pruitt,Operations,Technician,2016-06-09
1134,Raymond Caldwell,Finance,Technician,2024-08-21
1135,Randall Morrison,Engineering,Coordinator,2019-09-19
1136,Jack Bright,Finance,Coordinator,2021-01-12
1137,Dr. Jason Jordan,Operations,Analyst,2022-12-23
1138,Susan Ayers PhD,Operations,Technician,2018-10-20
1139,Kelly Davis,Finance,Specialist,2016-08-08
1140,Andrew Vasquez,Operations,Engineer,2016-07-11
1141,Sheila Martinez,Finance,Engineer,2016-10-18
1142,Vincent Hawkins,HR,Coordinator,2018-05-17
1143,Lisa Torres,Finance,Analyst,2017-01-26
1144,Courtney Lane,Finance,Engineer,2021-05-22
1145,Jacqueline Bates,Operations,Technician,2019-05-01
1146,David Bennett,Operations,Coordinator,2017-09-19
1147,Mark Nicholson,IT,Specialist,2023-07-30
1148,Robin Anthony,IT,Coordinator,2017-12-09
1149,Taylor Neal,HR,Specialist,2020-11-11
1150,Joshua Sexton,IT,Coordinator,2016-08-02
1151,Kyle Hoffman,Finance,Coordinator,2017-12-31
1152,Lori Andersen,Operations,Coordinator,2015-07-07
1153,Brent Carroll,IT,Specialist,2015-09-15
1154,Edward Kaufman,IT,Specialist,2021-05-01
1155,Rachel Humphrey,HR,Coordinator,2017-01-21
1156,Tommy Rivera,HR,Engineer,2021-01-19
1157,Donna Becker,Finance,Analyst,2023-06-26
1158,Frank Knox,Operations,Analyst,2022-08-29
1159,Robert Reed,HR,Analyst,2018-01-30
1160,Carrie Raymond,IT,Specialist,2016-11-01
1161,Cody Farmer,Operations,Specialist,2019-08-15
1162,Howard May,Operations,Engineer,2025-04-19
1163,Jessica Lopez,IT,Analyst,2023-11-13
1164,Sarah Roberson,HR,Analyst,2019-04-15
1165,Louis Davis,IT,Coordinator,2018-03-27
1166,Mrs. Sherry Christensen,Operations,Specialist,2025-05-20
1167,Scott Zimmerman,Engineering,Analyst,2023-07-23
1168,Steven Bates,Engineering,Engineer,2019-03-22
1169,Billy Silva,Finance,Engineer,2015-09-27
1170,Raymond Beard,IT,Analyst,2016-10-12
1171,Kelly Clark,IT,Specialist,2016-11-02
1172,Charles Mason,Finance,Engineer,2018-03-20
1173,David Mcdonald,Finance,Coordinator,2015-11-04
1174,Dawn Aguirre,Finance,Engineer,2015-12-14
1175,Andrew Cortez,Operations,Technician,2020-10-15
1176,Kenneth Hines,IT,Technician,2023-01-12
1177,Shelia Chen,Operations,Specialist,2024-01-31
1178,Jeffrey Jackson,Finance,Analyst,2021-01-04
1179,Kathleen Abbott,IT,Specialist,2020-03-03
1180,Katrina Conner,Operations,Specialist,2019-10-27
1181,Angela Peterson,Operations,Specialist,2020-07-19
1182,Susan Roberts,Finance,Specialist,2025-01-17
1183,Sabrina Gamble,IT,Coordinator,2023-12-11
1184,Jessica Vasquez,Finance,Coordinator,2024-03-16
1185,Robert Luna,IT,Engineer,2024-04-07
1186,Dawn Ross,Engineering,Technician,2023-10-06
1187,Justin Brooks,HR,Specialist,2022-12-15
1188,Charles Banks,HR,Engineer,2019-06-03
1189,Marcus Morales,HR,Technician,2021-05-21
1190,Eric Miller,Finance,Analyst,2021-05-04
1191,Shawn Hamilton,Engineering,Coordinator,2023-04-20
1192,Aaron Hancock,IT,Technician,2017-09-28
1193,Susan King,Operations,Analyst,2025-04-28
1194,Sonia Harris,IT,Technician,2021-02-16
1195,Donald Greer,Operations,Coordinator,2021-05-25
1196,Jennifer Roberson,IT,Coordinator,2018-07-20
1197,Shannon Wilson,Engineering,Engineer,2016-03-30
1198,Robert Hunt,Operations,Specialist,2016-08-31
1199,Anthony Monroe,Finance,Technician,2024-08-29
1200,Jason Richard,IT,Technician,2018-01-09
1201,James Davila,IT,Analyst,2019-12-02
1202,Craig Bullock,Operations,Coordinator,2015-07-09
1203,Andrea Powell,Finance,Technician,2018-06-01
1204,Maureen Mccoy,Finance,Coordinator,2020-03-17
1205,Cynthia Hawkins,Engineering,Technician,2022-08-01
1206,Christine David,Finance,Engineer,2016-08-23
1207,Marcus Smith,Finance,Specialist,2015-09-23
1208,Vanessa Peterson,Finance,Technician,2022-06-23
1209,Kayla Reed,HR,Coordinator,2016-07-01
1210,Samantha Burton,Engineering,Engineer,2023-09-10
1211,David Lee,IT,Technician,2015-07-25
1212,Tara Kirk,Operations,Analyst,2019-12-26
1213,Christopher Davis,IT,Specialist,2022-01-29
1214,Johnny Decker,Engineering,Technician,2018-08-24
1215,Andrea Miller,Operations,Engineer,2021-03-17
1216,Derek Hill,Engineering,Analyst,2022-06-19
1217,Keith Mejia,Finance,Engineer,2024-07-15
1218,April Miller,Operations,Engineer,2016-07-21
1219,Joseph Maddox,Finance,Analyst,2025-01-16
1220,Paul Johnson,IT,Engineer,2023-12-10
1221,Lauren Miller,IT,Analyst,2017-04-19
1222,Kenneth Brewer,Operations,Technician,2022-11-12
1223,Michael Swanson,Operations,Analyst,2017-10-09
1224,Deborah Arias,Engineering,Analyst,2020-09-23
1225,Michael Brooks,Engineering,Specialist,2023-08-11
1226,Austin Martin,Finance,Analyst,2023-03-07
1227,Jennifer Campbell MD,Operations,Analyst,2017-04-10
1228,Louis Moyer,IT,Technician,2020-01-02
1229,Lisa Martinez,Engineering,Specialist,2019-07-02
1230,Joseph Hill,Engineering,Coordinator,2021-03-24
1231,Jimmy Lambert,IT,Technician,2018-04-23
1232,Rachel Rodriguez,Engineering,Technician,2024-07-19
1233,Daniel Figueroa,Finance,Coordinator,2017-01-31
1234,Christopher Pope,Operations,Analyst,2016-09-04
1235,Vincent Dyer,IT,Engineer,2017-11-05
1236,Gregory Cervantes,Operations,Specialist,2024-10-23
1237,Daniel Greene,Engineering,Engineer,2025-05-08
1238,Jennifer Pugh,Engineering,Coordinator,2022-11-04
1239,Jill Bullock,IT,Technician,2017-08-12
1240,Mary Miller,Finance,Technician,2025-06-28
1241,Jacqueline Shields,HR,Specialist,2018-02-02
1242,Zachary Harris,IT,Technician,2019-02-23
1243,John Long,HR,Technician,2023-03-14
1244,Laura Kane,HR,Specialist,2017-02-17
1245,Heather Chapman,Finance,Specialist,2023-03-29
1246,Vanessa Macdonald,HR,Coordinator,2019-09-15
1247,Sarah Dawson,HR,Technician,2025-02-22
1248,Taylor Johnson,Finance,Technician,2022-01-09
1249,Dawn Mcgee MD,HR,Coordinator,2018-12-30
1250,Lawrence Davis,HR,Analyst,2016-07-31
1251,Mrs. Stephanie Fields,HR,Analyst,2017-09-28
1252,Rachel Simon,IT,Analyst,2020-07-29
1253,Pamela Sullivan,IT,Coordinator,2017-11-04
1254,Tina Powell,IT,Technician,2021-12-30
1255,Charles Parks,Finance,Coordinator,2023-12-10
1256,Colleen Johnston,Engineering,Coordinator,2024-12-04
1257,Keith Clark,HR,Analyst,2020-06-08
1258,Ryan Ross,HR,Engineer,2021-12-04
1259,Michelle Moore,Finance,Technician,2023-10-01
1260,Alan Travis,HR,Analyst,2021-08-06
1261,Angel Allen,IT,Engineer,2019-07-16
1262,Anthony Lee,Engineering,Engineer,2015-10-20
1263,Wesley Bishop,Operations,Specialist,2024-07-03
1264,Kyle Martin,HR,Technician,2023-02-25
1265,Anthony Anderson,IT,Engineer,2022-06-25
1266,Alex Hunt,Operations,Analyst,2020-08-27
1267,Christopher Williams,Engineering,Specialist,2020-06-15
1268,Stephanie Riley,Operations,Technician,2016-10-10
1269,Julie Miller,IT,Coordinator,2018-02-18
1270,Rebecca Byrd,Operations,Analyst,2024-03-27
1271,Chase Trevino,Finance,Engineer,2016-11-27
1272,David Clark,Operations,Engineer,2023-05-01
1273,Darrell Garrett,HR,Analyst,2016-10-20
1274,Derrick Holmes,HR,Engineer,2024-12-30
1275,Karen Hood,Finance,Specialist,2017-09-02
1276,Tonya Skinner,IT,Technician,2018-03-31
1277,Peter Brown,HR,Specialist,2018-11-16
1278,Rebecca Espinoza,Engineering,Engineer,2022-11-09
1279,Alfred Roberts,HR,Coordinator,2023-12-11
1280,Benjamin Harvey,HR,Technician,2025-06-15
1281,Amanda Moody,IT,Technician,2020-09-02
1282,Peter Young,Operations,Analyst,2021-06-29
1283,Melanie Lewis,HR,Analyst,2021-05-30
1284,Cory Baker,Finance,Coordinator,2016-09-02
1285,Nicole James,Operations,Technician,2019-07-06
1286,Troy Morales DVM,Engineering,Coordinator,2017-12-24
1287,Savannah Carter,IT,Analyst,2019-09-28
1288,Gabriel Davidson,Engineering,Analyst,2017-08-02
1289,Amanda Jenkins,Operations,Technician,2016-10-12
1290,Courtney Prince,Operations,Specialist,2024-09-28
1291,Steven Maynard MD,Operations,Engineer,2017-06-30
1292,Tracey Blevins,Engineering,Analyst,2015-10-10
1293,Judy Horne,Operations,Analyst,2015-11-16
1294,Christopher Baird,Engineering,Specialist,2022-05-12
1295,Scott Davis,Operations,Specialist,2024-01-17
1296,Dennis Zuniga,Finance,Coordinator,2024-12-14
1297,Ralph Alvarado,Operations,Coordinator,2018-03-11
1298,Richard Potter MD,Engineering,Engineer,2015-08-14
1299,Matthew Holmes,HR,Engineer,2019-05-04
1300,Howard Oconnor,Operations,Technician,2023-11-22
1301,Zachary White,HR,Coordinator,2023-03-06
1302,Robert Cameron,Finance,Analyst,2024-11-03
1303,Robin Jones,IT,Coordinator,2015-09-28
1304,Chloe Williams,Finance,Analyst,2022-08-04
1305,Leslie Johnson,Operations,Specialist,2023-04-07
1306,Pamela Foster,HR,Coordinator,2025-01-27
1307,Bryan Stanley,HR,Specialist,2020-03-21
1308,Tammy Sanders,Engineering,Engineer,2018-08-04
1309,Misty Anderson,HR,Engineer,2025-02-06
1310,Wendy Santana,Engineering,Technician,2018-06-25
1311,Peter Matthews,IT,Coordinator,2023-12-12
1312,Ann Johnston,Operations,Specialist,2022-02-08
1313,Anthony Chavez,Engineering,Analyst,2020-09-20
1314,David Whitaker,IT,Engineer,2016-08-20
1315,Heather Woods,HR,Engineer,2015-07-08
1316,Adam Greer,HR,Analyst,2018-07-14
1317,Angel White,IT,Specialist,2019-09-26
1318,Tristan Hill,HR,Specialist,2018-09-03
1319,Andrea Ayala,IT,Coordinator,2019-10-18
1320,Edward Harris,Engineering,Coordinator,2018-10-15
1321,Laurie Chambers,Engineering,Technician,2017-01-31
1322,Caitlin Paul,IT,Engineer,2017-12-23
1323,Walter Delgado,Engineering,Coordinator,2017-04-29
1324,Angie Rivera,Engineering,Specialist,2017-07-19
1325,Jonathan Davis,Engineering,Analyst,2017-04-16
1326,Sandra Hall,Finance,Specialist,2025-02-26
1327,Angela Lynch,Operations,Engineer,2024-06-01
1328,Katelyn Gray,HR,Specialist,2020-01-29
1329,Jacqueline Hood,Finance,Technician,2023-11-19
1330,Donald Tyler,Engineering,Engineer,2024-06-25
1331,Donald Allen,IT,Analyst,2020-08-06
1332,Cynthia Ortiz,Engineering,Technician,2016-06-28
1333,Dylan Hunt,Operations,Engineer,2020-09-22
1334,Krystal Frank,Engineering,Analyst,2022-09-25
1335,Michelle Dixon,IT,Technician,2024-07-03
1336,Christopher Sharp,Operations,Technician,2023-09-06
1337,Amy Reynolds,Engineering,Engineer,2019-09-12
1338,Charles Cox,Operations,Coordinator,2017-01-08
1339,Jennifer Meyer,HR,Technician,2019-03-31
1340,Matthew Turner,HR,Technician,2018-08-30
1341,Jesus Taylor,Engineering,Analyst,2024-10-12
1342,Ronald Rios,Operations,Specialist,2022-02-07
1343,Peter Mcclure,IT,Engineer,2018-11-06
1344,Nicole Sherman,Engineering,Engineer,2023-04-22
1345,Dr. Brianna Mcneil,HR,Coordinator,2023-11-05
1346,Brenda Moody,HR,Coordinator,2023-02-09
1347,Erica Nguyen,Engineering,Engineer,2017-09-29
1348,Jeremiah Hall,Operations,Coordinator,2016-09-06
1349,Christine Lucas,HR,Analyst,2023-10-25
1350,Timothy Roberts,Operations,Engineer,2021-10-21
1351,Jacqueline Fuller,HR,Coordinator,2021-11-12
1352,Edward Hernandez,HR,Engineer,2020-04-13
1353,Amy Palmer,Finance,Specialist,2020-11-23
1354,Christopher Hampton,HR,Technician,2020-10-06
1355,Kelly Duke,IT,Engineer,2023-04-09
1356,Carly Hamilton,Engineering,Technician,2023-07-31
1357,Mr. Terry Little DVM,Engineering,Coordinator,2016-05-16
1358,Justin Bowers,Operations,Technician,2017-04-05
1359,Keith Jones,HR,Engineer,2024-09-26
1360,Dana Bates,IT,Specialist,2022-07-19
1361,Kathryn Webb,Operations,Coordinator,2022-12-01
1362,Jacob Clark,Finance,Engineer,2017-09-14
1363,Adrian Johnson,Operations,Coordinator,2016-03-23
1364,Ethan Moore,Operations,Analyst,2021-06-10
1365,Carlos Reed,HR,Technician,2020-06-04
1366,David Flowers,Finance,Analyst,2016-03-23
1367,Brenda Vaughn,Operations,Engineer,2023-05-23
1368,William Spence,IT,Specialist,2020-04-28
1369,Julie Lane,IT,Coordinator,2025-02-02
1370,Thomas Jones,Engineering,Technician,2017-01-20
1371,Edward Bell,Finance,Coordinator,2024-02-12
1372,Tracey Ray,Finance,Engineer,2022-01-16
1373,Elizabeth Brewer,Engineering,Coordinator,2016-01-31
1374,Mary Guerrero,Operations,Technician,2023-12-06
1375,John Reed,Finance,Engineer,2018-11-28
1376,Julie Williams,IT,Coordinator,2019-01-07
1377,Thomas Wilson,IT,Specialist,2018-06-02
1378,Brian Russo,HR,Engineer,2017-03-26
1379,Matthew Houston,Finance,Engineer,2017-05-14
1380,Rachel Anderson,Operations,Specialist,2024-09-05
1381,Kevin Morris,Engineering,Analyst,2019-02-27
1382,Jennifer Horne,Engineering,Technician,2023-12-04
1383,Carlos Williams,Operations,Analyst,2022-10-13
1384,Donna Williams,HR,Coordinator,2024-02-12
1385,Lindsay Torres,Engineering,Specialist,2016-12-30
1386,Elizabeth Doyle,Finance,Analyst,2023-07-14
1387,Jeffrey Meyer,HR,Engineer,2021-02-19
1388,Oscar Crawford,Finance,Coordinator,2020-06-20
1389,Ricardo Johnson MD,IT,Coordinator,2022-12-01
1390,Kenneth Jimenez,HR,Analyst,2019-01-09
1391,Keith Campbell,Engineering,Analyst,2016-03-17
1392,Julie Moses,HR,Specialist,2020-02-01
1393,Riley Mooney,HR,Technician,2023-10-24
1394,Thomas Nichols,HR,Analyst,2023-05-31
1395,Debra Porter,HR,Analyst,2024-12-23
1396,Mrs. Erin Graham,Finance,Engineer,2017-05-18
1397,Daniel Wood,IT,Coordinator,2017-05-13
1398,Donald Spencer,Operations,Technician,2016-09-27
1399,Melissa Cruz,HR,Engineer,2020-08-27
1400,Martin Hawkins,Engineering,Specialist,2015-09-21
1401,Ryan Garcia,HR,Specialist,2021-05-14
1402,Christian Parker,Engineering,Analyst,2023-10-20
1403,Robert Walls,Finance,Analyst,2019-10-10
1404,Samantha Frazier,Engineering,Specialist,2015-08-14
1405,Shelby Richards,Operations,Analyst,2019-05-25
1406,Joseph Stephenson,IT,Technician,2025-03-08
1407,Stacy Mcdonald,Engineering,Analyst,2017-11-13
1408,Robert Robinson,Engineering,Coordinator,2022-12-18
1409,Patricia Logan,IT,Analyst,2025-05-16
1410,James Lee,Operations,Engineer,2024-03-12
1411,Brandon Andersen,HR,Technician,2016-09-28
1412,Jennifer Strickland,Engineering,Engineer,2023-01-20
1413,Rebecca Casey,IT,Engineer,2019-09-06
1414,Curtis Gonzalez,Finance,Coordinator,2018-05-18
1415,Robert Mays,IT,Technician,2023-04-25
1416,Robert Price,Finance,Technician,2016-12-11
1417,Cynthia Colon,Operations,Technician,2024-10-28
1418,Vanessa Murphy,HR,Technician,2019-12-01
1419,Keith Hartman,IT,Technician,2019-05-12
1420,Michelle Petersen,Engineering,Coordinator,2024-10-01
1421,Stephanie King,Operations,Analyst,2025-06-28
1422,Shelby Davis,IT,Engineer,2022-03-28
1423,Antonio Baker,Engineering,Technician,2023-02-15
1424,Olivia Alvarez PhD,IT,Analyst,2022-11-03
1425,Jennifer Reynolds,Finance,Analyst,2018-11-16
1426,William Stanley,IT,Engineer,2017-04-18
1427,Aaron Atkins,IT,Coordinator,2020-03-19
1428,Sheila Hill,IT,Specialist,2020-08-22
1429,Cynthia Shaw,Operations,Specialist,2019-06-28
1430,Joshua Schmitt,IT,Analyst,2021-10-09
1431,Timothy Kennedy,Engineering,Engineer,2022-04-21
1432,Paul Wilson,Finance,Specialist,2019-08-31
1433,Victoria Bartlett,Finance,Analyst,2023-01-16
1434,Joel Monroe,IT,Coordinator,2018-02-22
1435,Brian Potter,Operations,Specialist,2017-10-04
1436,Daniel Phillips,Operations,Analyst,2020-05-16
1437,Shirley Weaver,Engineering,Analyst,2016-08-13
1438,Michelle Miller,IT,Technician,2024-09-26
1439,Stephanie Lyons,Finance,Coordinator,2019-11-05
1440,Rebecca Guzman,Operations,Technician,2022-01-08
1441,Tyler Lopez,IT,Engineer,2023-03-31
1442,Brendan Pena,Operations,Technician,2020-05-26
1443,Christina Finley,Operations,Technician,2019-04-15
1444,Diana Gonzales,Finance,Specialist,2022-01-12
1445,Robert Kelley,HR,Analyst,2019-04-28
1446,Damon Ramos,Engineering,Coordinator,2021-03-28
1447,Amber Leon,Engineering,Technician,2021-10-05
1448,James Bass,Finance,Coordinator,2023-12-05
1449,Shane Austin,Operations,Technician,2022-11-29
1450,Erin Roberts,IT,Engineer,2024-06-05
1451,Sandra Ford,Operations,Technician,2019-10-18
1452,Robert Barajas,Finance,Specialist,2019-06-03
1453,Lori Bowman,Engineering,Analyst,2022-10-11
1454,Brian Lewis,Operations,Engineer,2016-01-12
1455,Nathan Stephens,Engineering,Technician,2020-01-16
1456,Robert Chen,IT,Coordinator,2024-03-05
1457,John Carter,Engineering,Engineer,2023-09-05
1458,Keith Ballard,Engineering,Engineer,2016-07-05
1459,Gina Wallace,HR,Technician,2018-06-07
1460,Jacob Bowman,HR,Engineer,2018-03-13
1461,Joseph Clarke,HR,Coordinator,2024-10-01
1462,Kyle Jordan,Engineering,Engineer,2016-01-21
1463,Natalie Bates,Finance,Coordinator,2022-05-01
1464,Tiffany Roberts,Engineering,Technician,2023-11-17
1465,Jerry Thompson,Finance,Analyst,2017-10-19
1466,Jenna Greer,Finance,Engineer,2024-07-26
1467,Joel Ortiz,HR,Analyst,2022-06-15
1468,Susan Day,Operations,Coordinator,2025-02-17
1469,Bradley Martinez,IT,Engineer,2021-07-20
1470,Jessica Perez,HR,Specialist,2022-05-11
1471,Emily Moore,HR,Analyst,2023-07-13
1472,Mary Clark DVM,Operations,Engineer,2023-08-10
1473,Jeffrey Estes,IT,Analyst,2022-10-15
1474,Jonathan Evans,Engineering,Engineer,2016-04-09
1475,Rebecca Hendrix,Engineering,Technician,2021-04-21
1476,Sonia Adams,HR,Analyst,2016-09-08
1477,Peggy Johns,IT,Specialist,2024-01-20
1478,Jessica Williams,HR,Specialist,2017-06-11
1479,Alexandria Martinez,Finance,Coordinator,2018-03-30
1480,Cynthia Lee,HR,Engineer,2021-02-07
1481,Edward Miller,HR,Analyst,2021-07-27
1482,Sydney Johnson,Engineering,Coordinator,2024-03-10
1483,David Williamson,Engineering,Analyst,2021-07-28
1484,Emily Phillips,Engineering,Engineer,2024-12-08
1485,Christopher Martinez,Finance,Specialist,2022-03-18
1486,Carl Manning,Engineering,Technician,2023-01-04
1487,Jordan Davis,IT,Specialist,2020-04-24
1488,Sandra Joseph,Operations,Coordinator,2019-05-22
1489,George Allen,IT,Technician,2015-11-24
1490,Curtis Lang,IT,Coordinator,2023-02-21
1491,Debra Carr,Engineering,Engineer,2018-02-10
1492,Anthony Ramirez,Operations,Technician,2019-12-23
1493,Samantha Daniels,Operations,Coordinator,2024-01-17
1494,Courtney Zimmerman,Operations,Engineer,2015-08-11
1495,Johnny Ross,Finance,Specialist,2018-10-01
1496,Joshua Ortiz,Engineering,Engineer,2023-07-08
1497,Carla Johnson,Operations,Analyst,2017-08-25
1498,Crystal King,Finance,Engineer,2017-11-15
1499,Travis Hernandez,HR,Engineer,2025-04-02
1500,James Wheeler,HR,Analyst,2018-07-29
1501,Stephen Adams,Finance,Coordinator,2018-02-20
1502,Joanna Mccoy,Finance,Coordinator,2020-05-31
1503,Christopher Ford,Engineering,Engineer,2022-08-10
1504,Henry Schneider,Engineering,Analyst,2017-10-15
1505,Robert Lopez,HR,Analyst,2025-05-03
1506,Amber Watts,Operations,Specialist,2021-02-09
1507,Tracy Johnson,HR,Coordinator,2017-06-27
1508,Wendy Maxwell,Operations,Technician,2024-08-12
1509,Christopher Leonard,Operations,Coordinator,2022-12-27
1510,Paula Baker,Engineering,Coordinator,2023-08-08
1511,Hayden Sullivan,IT,Specialist,2020-07-27
1512,David Rubio,IT,Technician,2015-07-02
1513,Susan Hammond,Finance,Specialist,2021-06-14
1514,Ryan Barber,Engineering,Technician,2025-03-20
1515,Tyrone Brown,Operations,Engineer,2023-01-23
1516,Kathleen Burton,IT,Technician,2020-08-06
1517,Melissa Bailey,Operations,Specialist,2022-07-25
1518,Joe Hendricks,IT,Coordinator,2020-11-15
1519,Shawn Gonzales,IT,Technician,2019-11-21
1520,Kevin Cortez,IT,Technician,2023-09-20
1521,Maria Ball,Engineering,Analyst,2024-06-17
1522,Ana Nguyen,HR,Coordinator,2023-03-12
1523,Mark Mann,Operations,Engineer,2025-06-22
1524,Noah Simmons,Engineering,Specialist,2016-11-29
1525,Arthur Smith,Engineering,Engineer,2018-09-30
1526,Bruce Scott,Engineering,Coordinator,2016-09-13
1527,Karina Jackson,Engineering,Technician,2016-10-18
1528,Jordan Mayo,Engineering,Technician,2023-04-03
1529,Travis Kelly,Finance,Coordinator,2023-09-22
1530,Charles Sanchez,Operations,Technician,2019-11-26
1531,Joanna Ferguson,Engineering,Technician,2024-04-05
1532,Ralph Miller,Operations,Technician,2022-01-30
1533,William Potts,Finance,Specialist,2018-10-15
1534,Vanessa Hood,Finance,Specialist,2015-11-08
1535,Jason Hall,Operations,Analyst,2023-03-08
1536,Clifford Jones,IT,Engineer,2025-02-05
1537,Brittany Dixon,HR,Coordinator,2025-04-05
1538,Kelli Delgado,IT,Coordinator,2025-05-17
1539,Chelsea Murphy,IT,Coordinator,2017-12-24
1540,Jay Palmer,IT,Analyst,2019-01-26
1541,Alexander Taylor,Engineering,Specialist,2017-12-19
1542,Alexandra Jarvis,Finance,Analyst,2015-11-03
1543,Robert Tran,IT,Coordinator,2016-07-30
1544,Allison York,Finance,Engineer,2018-05-22
1545,Lisa Holland,Operations,Technician,2018-07-17
1546,David Burton,HR,Specialist,2024-04-03
1547,Carol Douglas,Operations,Specialist,2019-01-21
1548,Stephen Taylor,Operations,Analyst,2022-08-27
1549,Wendy Fuentes,Engineering,Specialist,2015-07-13
1550,Cynthia Martin,HR,Coordinator,2022-11-04
1551,Sara Collins,Operations,Coordinator,2017-02-10
1552,Jennifer Sanders,Operations,Analyst,2021-05-06
1553,Elizabeth Bishop,HR,Coordinator,2019-02-25
1554,Kyle Green,HR,Engineer,2016-04-23
1555,James James,Operations,Analyst,2019-02-15
1556,Larry Rangel,HR,Engineer,2023-07-09
1557,Andrew Davis,Operations,Technician,2017-10-01
1558,Lisa Jones,Operations,Engineer,2016-12-29
1559,Corey Johnson,Engineering,Technician,2024-05-07
1560,Jessica Miller,IT,Technician,2020-02-11
1561,Angela Ballard,Operations,Engineer,2021-10-11
1562,Joshua Jensen,Finance,Analyst,2015-09-02
1563,Sabrina Roberts,IT,Coordinator,2023-09-16
1564,Shari Lewis,IT,Coordinator,2022-03-20
1565,Brandon Cohen,IT,Technician,2016-10-05
1566,Paul Smith,Engineering,Technician,2017-11-27
1567,Angela Williams,Operations,Analyst,2024-04-02
1568,Ronald Bryant,Engineering,Specialist,2023-10-13
1569,Paula Chan,Operations,Engineer,2024-01-02
1570,Crystal Tyler,Engineering,Technician,2022-06-29
1571,Donna Moore,Engineering,Coordinator,2018-11-30
1572,William Fox,Finance,Analyst,2024-07-04
1573,Linda Thomas,Engineering,Engineer,2017-05-17
1574,David Burns,HR,Analyst,2015-10-17
1575,Joseph Harrison,Finance,Engineer,2022-03-30
1576,Tamara Smith,Engineering,Engineer,2022-08-12
1577,Stephanie Holloway,IT,Technician,2016-05-27
1578,Teresa Guzman,HR,Analyst,2024-12-12
1579,Joseph Curry,HR,Analyst,2017-04-10
1580,Jessica Zimmerman,HR,Coordinator,2015-12-25
1581,Sean Morgan,Finance,Coordinator,2018-09-03
1582,Roy Mclaughlin,Engineering,Technician,2024-08-23
1583,Carrie King,Engineering,Technician,2017-02-26
1584,Daniel Flynn,IT,Specialist,2019-01-19
1585,Jill Dawson,IT,Coordinator,2018-07-23
1586,Laura Thomas,HR,Engineer,2017-09-02
1587,Rick Greene,IT,Analyst,2022-01-06
1588,Beth Jackson,Finance,Technician,2021-01-17
1589,Jamie Hopkins,Engineering,Analyst,2022-12-20
1590,Susan Brown,HR,Analyst,2015-08-03
1591,Brent Dennis,IT,Specialist,2021-01-02
1592,John Kelly,Finance,Coordinator,2015-08-11
1593,Kevin Smith,Finance,Technician,2019-04-19
1594,Brittany Jackson,IT,Analyst,2016-09-12
1595,Donna Foley,Engineering,Technician,2023-07-16
1596,Ethan Jones,IT,Engineer,2022-05-25
1597,Jesse Patterson,HR,Specialist,2020-08-21
1598,Mark Miller,IT,Engineer,2023-04-30
1599,Jesus Smith,Finance,Technician,2015-11-19
1600,Ms. Melissa Watkins,IT,Technician,2018-12-01
1601,James Cox,Engineering,Coordinator,2015-10-18
1602,Courtney Rasmussen,Operations,Analyst,2020-01-05
1603,Mr. Andrew Gonzalez,IT,Analyst,2021-03-03
1604,Emily Edwards,Engineering,Engineer,2016-09-29
1605,Dennis Powers,Engineering,Specialist,2023-08-21
1606,Sandra Osborne,Finance,Analyst,2019-10-12
1607,Jordan Duncan,Engineering,Coordinator,2020-11-16
1608,Chelsea White,Engineering,Engineer,2022-04-07
1609,Alyssa Bell,Engineering,Engineer,2020-12-30
1610,Monique Wagner,Engineering,Coordinator,2020-07-03
1611,Cory Reeves,HR,Specialist,2022-03-11
1612,Terry Brooks,HR,Coordinator,2015-08-08
1613,Lisa Butler,Finance,Specialist,2022-09-18
1614,Clinton Taylor,IT,Coordinator,2019-11-13
1615,Margaret Olson,Engineering,Coordinator,2015-09-17
1616,Kylie Anderson,IT,Technician,2020-01-12
1617,Maria Crawford,IT,Engineer,2022-03-07
1618,Richard Stephens,Finance,Coordinator,2024-11-26
1619,Sara Miller,Engineering,Coordinator,2016-08-19
1620,Carla Snyder,Engineering,Analyst,2023-08-15
1621,David Hernandez,Operations,Engineer,2022-11-03
1622,Matthew Lane,IT,Analyst,2018-04-27
1623,Kelly Taylor,IT,Engineer,2024-07-14
1624,April Diaz,HR,Analyst,2025-01-20
1625,Laura Shaw,Operations,Coordinator,2017-01-08
1626,Katherine Lopez,HR,Coordinator,2016-01-07
1627,Logan Moore,HR,Technician,2020-09-15
1628,Kylie Obrien,HR,Analyst,2024-01-13
1629,Danielle Smith,Finance,Specialist,2016-11-22
1630,Calvin Carter,Finance,Technician,2024-04-21
1631,Jesus Foster,HR,Analyst,2017-11-13
1632,Erika Willis,Operations,Analyst,2017-04-23
1633,Sheila Daniel,IT,Technician,2020-05-21
1634,Theresa Hobbs,Operations,Coordinator,2019-05-25
1635,Eric Rodriguez DDS,Engineering,Analyst,2022-07-13
1636,Joshua Webb,Finance,Coordinator,2021-01-03
1637,Andrew Davis MD,IT,Technician,2023-12-14
1638,Mario Rogers,IT,Coordinator,2024-10-20
1639,Angela Oliver,Engineering,Engineer,2024-02-12
1640,Alan Shaffer,Engineering,Specialist,2023-01-12
1641,Lindsay Weber DVM,HR,Analyst,2025-02-24
1642,Tyler Tucker,Finance,Specialist,2018-04-26
1643,Michael Garcia,Finance,Coordinator,2017-04-21
1644,Lori Cook,Operations,Analyst,2015-07-10
1645,Karen Dawson,HR,Coordinator,2025-01-14
1646,James Perez,HR,Engineer,2020-06-11
1647,Dwayne Harmon,HR,Technician,2022-11-27
1648,Michael Herman,HR,Analyst,2024-07-15
1649,Debra Rodgers,Finance,Engineer,2019-03-17
1650,Scott Baldwin,Finance,Engineer,2024-06-19
1651,Mrs. Christina Hester,HR,Analyst,2018-05-31
1652,Kristen Turner,Operations,Coordinator,2020-02-29
1653,Dawn Day,IT,Engineer,2020-08-22
1654,Lisa Wilson,IT,Specialist,2023-07-07
1655,Nathan Herrera,Operations,Engineer,2015-07-05
1656,Jennifer Humphrey,HR,Coordinator,2022-01-23
1657,Robert Perez,Finance,Coordinator,2018-03-07
1658,Kelsey Lopez,IT,Specialist,2015-12-08
1659,Sharon Mason,Engineering,Engineer,2017-03-22
1660,Tamara Moore,Engineering,Coordinator,2021-07-31
1661,William Mccarthy,Operations,Analyst,2015-10-16
1662,Jessica Lawson,HR,Technician,2018-02-28
1663,Rachel Schroeder,IT,Technician,2024-10-14
1664,Jessica Montes,HR,Technician,2021-12-24
1665,Tina Butler,IT,Engineer,2016-11-14
1666,James Miller,Operations,Specialist,2021-08-23
1667,Eric Rhodes,Operations,Coordinator,2024-07-06
1668,Ronald Wheeler,Engineering,Analyst,2016-05-21
1669,Jennifer Parker,HR,Analyst,2023-08-14
1670,Christian Boyer,Engineering,Engineer,2023-03-31
1671,Megan Oneill,HR,Technician,2017-08-24
1672,Jessica Bowman,Engineering,Engineer,2025-03-20
1673,Brenda Curry,Finance,Specialist,2021-08-24
1674,Pamela Martin,Finance,Specialist,2023-02-25
1675,Jennifer Fritz,Finance,Coordinator,2024-07-20
1676,Aaron Smith,Finance,Coordinator,2016-07-27
1677,Elizabeth Peterson,IT,Specialist,2018-01-16
1678,Joe Turner,Finance,Specialist,2025-03-13
1679,Cheryl Diaz,Operations,Specialist,2021-11-17
1680,Vanessa Thomas,Operations,Engineer,2016-08-29
1681,Kimberly Campbell,IT,Specialist,2023-02-13
1682,Rebecca Wilson,Finance,Analyst,2018-01-07
1683,Brent Valdez,Finance,Technician,2017-07-24
1684,Karla Hubbard,Finance,Specialist,2023-04-09
1685,Xavier Morton,Engineering,Technician,2021-08-27
1686,Molly Fisher,HR,Engineer,2021-03-13
1687,Holly Villanueva,Engineering,Technician,2020-12-19
1688,Debra Leonard,HR,Engineer,2018-03-26
1689,David Meyer,Finance,Analyst,2017-01-08
1690,Amber Adams,Finance,Engineer,2022-01-17
1691,Danny Gamble,Engineering,Engineer,2020-03-05
1692,Christopher Rodriguez,Engineering,Coordinator,2024-02-26
1693,Justin Stewart,HR,Specialist,2017-06-09
1694,Diana Simmons,Operations,Specialist,2022-01-17
1695,Ricardo Short,HR,Analyst,2017-10-17
1696,Carl Harris,Engineering,Analyst,2020-02-25
1697,William Taylor,Engineering,Specialist,2018-09-23
1698,Leah Owens,IT,Coordinator,2019-08-24
1699,Jason Peters,Engineering,Specialist,2025-05-04
1700,Heather Christensen,IT,Coordinator,2018-09-21
1701,Nathan Norris,Operations,Analyst,2024-08-13
1702,Nicole Baker,HR,Technician,2016-12-01
1703,Jennifer Rodriguez,HR,Analyst,2021-03-17
1704,Theresa Hernandez,IT,Analyst,2020-04-30
1705,Jenna Roth,HR,Engineer,2017-03-14
1706,Ricardo Vang,Engineering,Engineer,2023-11-19
1707,Julie Fischer,Finance,Engineer,2018-03-15
1708,Ashlee Mendez,IT,Engineer,2020-09-19
1709,Phillip Rodriguez,HR,Coordinator,2023-01-04
1710,Valerie Nelson,IT,Specialist,2020-03-11
1711,Dennis Kelly,IT,Technician,2016-01-20
1712,Ryan Howe,Finance,Analyst,2017-02-12
1713,Tammy Carter,Engineering,Coordinator,2024-10-18
1714,Perry House,IT,Technician,2021-06-06
1715,Benjamin Smith,HR,Coordinator,2021-09-13
1716,Joseph Grant,Operations,Coordinator,2020-12-19
1717,Tiffany Davidson,IT,Analyst,2019-12-10
1718,Jessica Greene,IT,Specialist,2024-06-27
1719,Jennifer Ellison,Finance,Engineer,2016-08-27
1720,Casey Weaver,Engineering,Specialist,2016-05-16
1721,Mary Wong,Operations,Analyst,2023-04-18
1722,Gary Baker,HR,Analyst,2017-06-25
1723,Jasmine Barnes,Operations,Analyst,2022-03-18
1724,Thomas Maldonado,HR,Technician,2021-01-22
1725,Lisa Savage,Engineering,Specialist,2022-10-27
1726,Kimberly Clark,HR,Specialist,2025-01-29
1727,Christopher Singh,Finance,Coordinator,2022-08-07
1728,Courtney Sims,Finance,Coordinator,2024-04-11
1729,Andrew Morales,Finance,Coordinator,2016-09-20
1730,Chelsea Acosta,Finance,Analyst,2023-05-06
1731,Kayla Johnston,Operations,Specialist,2023-11-21
1732,Calvin Evans,Engineering,Analyst,2017-03-01
1733,Carolyn Brooks,HR,Technician,2018-05-24
1734,Joseph Mata,HR,Coordinator,2018-07-20
1735,Michael Padilla,Finance,Analyst,2018-03-13
1736,James Daniels,Finance,Analyst,2024-01-22
1737,Allen King,IT,Technician,2021-04-15
1738,Megan Norman,Engineering,Engineer,2021-10-28
1739,Tara King,Operations,Specialist,2020-12-18
1740,Brandon Duncan,HR,Engineer,2019-02-04
1741,Matthew Ford,IT,Coordinator,2025-01-13
1742,Stephen Rivera,IT,Analyst,2021-08-14
1743,Alicia Fields,HR,Technician,2015-12-22
1744,Christine Vance,Operations,Technician,2018-05-10
1745,Kathleen Kramer,IT,Specialist,2017-03-25
1746,Anthony Lara,IT,Engineer,2020-08-12
1747,Roberto Vega,Engineering,Specialist,2020-03-12
1748,Christina Vargas,Operations,Analyst,2018-08-01
1749,Shannon Rose,IT,Specialist,2024-10-25
